{"indexes":[{"v":{"$numberInt":"2"},"key":{"_id":{"$numberInt":"1"}},"name":"_id_"},{"v":{"$numberInt":"2"},"key":{"name":{"$numberInt":"1"},"nextRunAt":{"$numberInt":"1"},"priority":{"$numberInt":"-1"},"lockedAt":{"$numberInt":"1"},"disabled":{"$numberInt":"1"}},"name":"findAndLockNextJobIndex"},{"v":{"$numberInt":"2"},"key":{"nextRunAt":{"$numberInt":"-1"},"lastRunAt":{"$numberInt":"-1"},"lastFinishedAt":{"$numberInt":"-1"}},"name":"nextRunAt_-1_lastRunAt_-1_lastFinishedAt_-1"},{"v":{"$numberInt":"2"},"key":{"name":{"$numberInt":"1"},"nextRunAt":{"$numberInt":"-1"},"lastRunAt":{"$numberInt":"-1"},"lastFinishedAt":{"$numberInt":"-1"}},"name":"name_1_nextRunAt_-1_lastRunAt_-1_lastFinishedAt_-1"}],"uuid":"e55a824f41f741b5bfd538a3f40399be","collectionName":"scheduleAppointments","type":"collection"}